1c3b4f64ae7a4373bb5c1ebd0fabe293;2018-10-30T20:28:38.744Z;Pr3lWoPdhXVRTJsTWCC7GhudM7L1vAp4kkoLuP4yomM=
8d68656b5bdf405f952cc3a95c3ac0d0;2018-10-30T20:26:50.118Z;C70S3Cu09liPIAgs3z2VU+q/e4v2LyZPF1fGSwYU1/c=
fdf0ae68c1684c9ab7ebaae955747687;2018-10-30T20:25:21.505Z;NCIpCTwbr68Mjag+CcqZiHBNPiMSI+IA2Ivi2xfNWtE=
6d218b3770de4031af3a0f470bf13dbf;2018-10-30T20:23:25.401Z;i4ThlQd1syTKN09XL+9wD6sO3OxxxDpC2wOLSi3Veds=
171184ea3d0c444c91f8b6dd53a18bc5;2018-10-30T20:20:13.250Z;KuVSTScFRJRGf4BteycS2Z3GUVuSE++cJO21okUv6S0=
4f329f8092164fda90ff2ec850e7d167;2018-10-30T20:17:00.426Z;cNawpqTYcowcHOzCUperVH4a2NgHFs4JbUHMFEHsCJM=
650d621f491c4f49a5fe21c7aec6c54c;2018-10-30T20:12:30.373Z;+t1js3p4tgtjIgtkV7HWpAnglIJ1giA/NGm6RyJQ4y4=
eae23dbfaba84d938bd32b4ca59661db;2018-10-30T20:04:24.595Z;WvJWfMw9Gsm8YrnjyQs76czDhuvFY8vWqYtADsxtzxw=
da427fb5401748e69cb067d5ae65e4b7;2018-10-30T19:56:53.934Z;gqHp/wmPY9sNT/Y0zMNHFqv2ugi+iA3lxOPezyzedTY=

GwGkuEuJMyNYL2kTFmlDw6NzPYN5c/SU9Rx8LEczhniN8ZvWsX0Hmg0qUwlE1faRBDc08t2hfQGBM4Thw+WjooypHrfR5de6E+rqw/E3i0W9qqQbWY/w+0ajNQnflBinnoWAWqwjnEdsNk9T7N6s08eWBFIp4YE8NPuS6yMTaiJyDh6+ITljAxeZm6Qgs47yib+gS3mpB/jtRbYeLxPWCV0yxmksS88aSWyZYGmUHIkbZ1LgCoc5GHg0m1Qrpd6P3Ejzttn+8AkvbZB7y5tqNMPXZS55K+YcZEkt6ReMS3Pct8EYttBRvWsHNFd8GZPPz6XwzIwOhcy2BIDkyjo06g==