02ecce481ea44ef4b11a70fb74db14d0;2018-11-01T11:38:17.893Z;jSNRfvT++90yi/iqyPYYTCnsGAG0lcLkJsKPvqpv0ts=
f3af6cf3496a4be0b03231ccbf2924db;2018-11-01T10:57:35.761Z;TYAekiluPYFJmnnYIo8eJqcPtvmSsi16nJ4/jTwyK1E=
024eb6b4145f499db4f5ca87859abc60;2018-11-01T10:56:15.634Z;NSQaYHg6BjDZLca1VUUroxxBUYZBOR0BH2P4RuclfxQ=
0c35ce01ba5a4f20b0728420286423e6;2018-11-01T10:51:08.677Z;baNxnkU5LKdQJRy6MShIylvsHh2mS648WzB+NlXASho=
e7fe26a1bf8048ccb0033c81266e2bfa;2018-11-01T10:48:23.838Z;uQ2guwBscrxUBfDxN+mrqvWV3bJ9PVpWwA1baInMaVk=
8e93f0502cd64bd8aeb8ecca17ce7145;2018-11-01T10:42:48.787Z;L1Iivmo+th8/dc84EzgpnhSqtU8pdZ62K9xiZV+C+es=
99236851adb04987b9642292679d7825;2018-11-01T10:40:03.741Z;uoxI1K2jO7eic4/uyECpGDEm8hMdIRLYR4CD2BmIeUI=
3b3b0f0bfce94ac2999655e9908d64cb;2018-11-01T10:36:38.983Z;oryejhaffXvcObBVYTOozW/AwiWF0mX5tqN+DUZr0mI=
1a5f134b11f645c7b9d54acff25307e6;2018-11-01T10:34:49.239Z;N0uEqJYBBWDnV0g5zKsz0DrYyn3vxpvgX0ziJYRfCjc=

JsyH+13Eey02ZM12snRFGrsfebwbB32sA9rL/AZKCeCtTZjC8nyUebZB/AiNAu2PjTBoq7Liqh5ltIjIo285y7d4nq2ntDXe0Epr3CvU38MROCUcrwLIrTyifkExsBQWIzk+VSedHNtc+lz9bQhJBEBV15bR2dyNL8Qds4JZTrTW6qEEgnCU+KwJOW5uhRZMt0n3pM9KmPMOS0ZMRzFKbOpngtylXax78AWC9nwVyS9QsxZHABcZcbHzsR1Gb7bYCeydkDxbYOYmx+aIIJ1vX6ckvX6al/kuzOqvtTUEr7LDSJ75T2yGI9wqhR7Y622frAefAEYYobOzo1T/DlvcSw==